bank,ts,eff,tt_buy,tt_sell,n_buy,n_sell,mid
sampath,1789718400,2026-09-18T10:35:19,326.25,334.25,326,,
seylan,1789718400,2026-09-18T11:03:44,328.15,335.15,327.4,336.65,
boc,1789718400,2026-09-18T14:20:05,327.2,336.2,327.2,336.2,
combank,1789718400,2026-09-18,326,334,324.09,334,
peoples,1789718400,2026-09-18T14:28:58,327.1541,334.7966,326.9251,335.0309,
ndb,1789718400,2026-09-18,327,336,327,336,
ntb,1789718400,2026-09-18T14:10:00,325.01,335.99,322.58,335.99,
nsb,1789718400,2026-09-18,327.5,335.5,324,336.5,
dfcc,1789718400,2026-09-18,325.75,335.25,324.5,336.5,
cbsl,1789718400,2026-09-18,,,,,332.1338
seylan,1789725600,2026-09-18T15:35:41,327.5,334.5,326.75,336,
ntb,1789725600,2026-09-18T16:10:00,325.41,336.39,322.97,336.39,
dfcc,1789905600,2026-09-19,326.75,336.25,325.5,337.5,
sampath,1789981200,2026-09-21T08:08:42,327.25,335.25,327,,
ndb,1789981200,2026-09-21,326.5,335.5,326.5,335.5,
ntb,1789981200,2026-09-21T15:10:00,325.65,336.65,323.21,336.65,
dfcc,1789981200,2026-09-21,325.75,335.25,324.5,336.5,
cbsl,1789981200,2026-09-21,,,,,330.349
sampath,1790067600,2026-09-22T14:17:39,325.5,333.5,325.25,,
seylan,1790067600,2026-09-22T11:00:15,327.3,334.3,326.55,335.8,
peoples,1790067600,2026-09-22T14:46:34,326.6599,334.2908,326.4313,334.5248,
ndb,1790067600,2026-09-22,326.3,335.3,326.3,335.3,
ntb,1790067600,2026-09-22T14:10:00,325.31,336.29,322.87,336.29,
nsb,1790067600,2026-09-22,327,335,323.5,336,
cbsl,1790067600,2026-09-22,,,,,330.8125
ntb,1790067600,2026-09-22T15:10:00,324.23,335.17,321.8,335.17,
seylan,1790085600,2026-09-22T16:23:44,326,333,325.25,334.5,
peoples,1790085600,2026-09-22T20:19:04,326.1657,333.7851,325.9374,334.0187,
dfcc,1790085600,2026-09-22,324.5,334,323.25,335.25,
boc,1790107200,2026-09-23T01:40:05,326.3,335.3,326.3,335.3,
combank,1790107200,2026-09-22,325.5,333.5,323.6,333.5,
sampath,1790154000,2026-09-23T08:27:54,325,333,324.75,,
seylan,1790154000,2026-09-23T11:38:58,325.3,332.3,324.55,333.8,
boc,1790154000,2026-09-23T14:40:05,325,334,325,334,
combank,1790154000,2026-09-23,325,333,323.1,333,
peoples,1790154000,2026-09-23T14:46:55,325.4244,333.0265,325.1966,333.2596,
ndb,1790154000,2026-09-23,324.25,333.25,324.25,333.25,
ntb,1790154000,2026-09-23T14:10:00,323.54,334.46,321.11,334.46,
nsb,1790154000,2026-09-23,325.5,333.5,322,334.5,
dfcc,1790154000,2026-09-23,324.25,333.75,323,335,
cbsl,1790154000,2026-09-23,,,,,329.8867
ntb,1790154000,2026-09-23T15:10:00,324.28,335.22,321.84,335.22,
dfcc,1790154000,2026-09-23,324.5,334,323.25,335.25,
seylan,1790157600,2026-09-23T15:34:01,326.4,333.4,325.65,334.9,
peoples,1790172000,2026-09-23T20:29:30,325.6715,333.2794,325.4436,333.5127,
sampath,1790240400,2026-09-24T10:23:47,327,335,326.75,,
seylan,1790240400,2026-09-24T11:07:04,326.7,333.7,325.95,335.2,
boc,1790240400,2026-09-24T14:40:05,325.1,334.1,325.1,334.1,
combank,1790240400,2026-09-24,326.5,334.5,324.59,334.5,
peoples,1790240400,2026-09-24T14:46:24,326.6599,334.2908,326.4313,334.5248,
ndb,1790240400,2026-09-24,326,335,326,335,
ntb,1790240400,2026-09-24T14:10:00,324.92,335.88,322.48,335.88,
dfcc,1790240400,2026-09-24,325.75,335.25,324.5,336.5,
cbsl,1790240400,2026-09-24,,,,,329.0158
peoples,1790262000,2026-09-24T20:31:41,326.5611,334.1897,326.3325,334.4236,
sampath,1790326800,2026-09-25T08:13:43,326,334,325.75,,
boc,1790326800,2026-09-25T15:00:06,325.95,334.95,325.95,334.95,
combank,1790326800,2026-09-25,326.25,334.25,324.34,334.25,
ndb,1790326800,2026-09-25,325.5,334.5,325.5,334.5,
ntb,1790326800,2026-09-25T14:10:00,325.01,335.99,322.58,335.99,
nsb,1790326800,2026-09-25,326.4,334.4,322.9,335.4,
dfcc,1790326800,2026-09-25,325.5,335,324.25,336.25,
cbsl,1790326800,2026-09-25,,,,,330.3522
sampath,1790589600,2026-09-28T08:20:59,326.5,334.5,326.25,,
seylan,1790589600,2026-09-28T11:20:38,327,334,326.25,335.5,
boc,1790589600,2026-09-28T16:20:05,326,335,326,335,
peoples,1790589600,2026-09-28T16:20:41,326.8576,334.4931,326.6288,334.7273,
ndb,1790589600,2026-09-28,326,335,326,335,
ntb,1790589600,2026-09-28T16:10:00,325.16,336.14,322.72,336.14,
nsb,1790589600,2026-09-28,326.5,334.5,323,335.5,
dfcc,1790589600,2026-09-28,325.85,335.35,324.6,336.6,
cbsl,1790589600,2026-09-28,,,,,330.2643
sampath,1790676000,2026-09-29T08:17:33,327,335,326.75,,
seylan,1790676000,2026-09-29T11:23:20,327.5,334.5,326.75,336,
boc,1790676000,2026-09-29T16:00:06,326.5,335.5,326.5,335.5,
combank,1790676000,2026-09-29,327,335,325.09,335,
peoples,1790676000,2026-09-29T16:08:36,326.907,334.5437,326.6782,334.7779,
ndb,1790676000,2026-09-29,326.5,335.5,326.5,335.5,
ntb,1790676000,2026-09-29T15:10:00,325.51,336.49,323.06,336.49,
nsb,1790676000,2026-09-29,327,335,323.5,336,
dfcc,1790676000,2026-09-29,326.25,335.75,325,337,
cbsl,1790676000,2026-09-29,,,,,330.793
sampath,1790762400,2026-09-30T08:17:53,326.75,334.75,326.5,,
seylan,1790762400,2026-09-30T11:26:59,327.1,334.1,326.35,335.6,
boc,1790762400,2026-09-30T15:50:05,326.3,335.3,326.3,335.3,
combank,1790762400,2026-09-30,326.75,334.75,324.84,334.75,
peoples,1790762400,2026-09-30T15:57:17,326.8082,334.4426,326.5794,334.6767,
ndb,1790762400,2026-09-30,326.1,335.1,326.1,335.1,
ntb,1790762400,2026-09-30T15:10:00,325.41,336.39,322.97,336.39,
nsb,1790762400,2026-09-30,326.5,334.5,323,335.5,
dfcc,1790762400,2026-09-30,325.9,335.4,324.65,336.65,
cbsl,1790762400,2026-09-30,,,,,330.8319
peoples,1790766000,2026-09-30T16:36:59,326.8576,334.4931,326.6288,334.7273,
boc,1790848800,2026-10-01T16:20:04,326.1,335.1,326.1,335.1,
peoples,1790848800,2026-10-01T16:24:47,326.7093,334.3414,326.4806,334.5754,
ntb,1790848800,2026-10-01T16:10:00,325.21,336.19,322.77,336.19,
nsb,1790848800,2026-10-01,326.75,334.75,323.25,335.75,
dfcc,1790848800,2026-10-01,325.65,335.15,324.4,336.4,
cbsl,1790848800,2026-10-01,,,,,330.7005
combank,1790852400,2026-10-01,326.5,334.5,324.59,334.5,
sampath,1790935200,2026-10-02T08:23:31,326.5,334.5,326.25,,
combank,1790935200,2026-10-02,326.25,334.25,324.34,334.25,
nsb,1790935200,2026-10-02,326.5,334.5,323,335.5,
cbsl,1790935200,2026-10-02,,,,,330.6231
ntb,1791198000,2026-10-05T16:10:00,325.16,336.14,322.72,336.14,
dfcc,1791198000,2026-10-05,325.75,335.25,324.5,336.5,
cbsl,1791198000,2026-10-05,,,,,330.6009
boc,1791284400,2026-10-06T16:40:05,326.2,335.2,326.2,335.2,
combank,1791284400,2026-10-06,326.5,334.5,324.59,334.5,
peoples,1791284400,2026-10-06T16:43:38,326.907,334.5437,326.6782,334.7779,
ndb,1791284400,2026-10-06,326.25,335.25,326.25,335.25,
ntb,1791284400,2026-10-06T16:10:00,325.11,336.09,322.67,336.09,
dfcc,1791284400,2026-10-05,326.15,335.65,324.9,336.9,
cbsl,1791284400,2026-10-06,,,,,330.6209
sampath,1791370800,2026-10-07T08:18:25,327,335,326.75,,
seylan,1791370800,2026-10-07T10:47:10,327.35,334.35,326.6,335.85,
boc,1791370800,2026-10-07T16:30:05,326.5,335.5,326.5,335.5,
combank,1791370800,2026-10-07,326.75,334.75,324.84,334.75,
peoples,1791370800,2026-10-07T16:31:58,327.1047,334.746,326.8757,334.9803,
ndb,1791370800,2026-10-07,326.5,335.5,326.5,335.5,
ntb,1791370800,2026-10-07T16:10:00,325.51,336.49,323.06,336.49,
nsb,1791370800,2026-10-07,326.75,323.25,334.75,335.75,
dfcc,1791370800,2026-10-07,326.25,335.75,325,337,
cbsl,1791370800,2026-10-07,,,,,330.8714
seylan,1791457200,2026-10-08T11:07:23,327.4,334.4,326.65,335.9,
nsb,1791457200,2026-10-08,327,323.5,335,336,
dfcc,1791457200,2026-10-08,326.05,335.55,324.8,336.8,
cbsl,1791457200,2026-10-08,,,,,330.9842
